areaCode,areaName,areaType,date,hospitalCases,newDeaths28DaysByPublishDate
K02000001,United Kingdom,overview,2021-12-17,,111
K02000001,United Kingdom,overview,2021-12-16,7611,146
K02000001,United Kingdom,overview,2021-12-15,7597,165
K02000001,United Kingdom,overview,2021-12-14,7690,150
K02000001,United Kingdom,overview,2021-12-13,7697,38
K02000001,United Kingdom,overview,2021-12-12,7483,52
K02000001,United Kingdom,overview,2021-12-11,7365,132
K02000001,United Kingdom,overview,2021-12-10,7400,120
K02000001,United Kingdom,overview,2021-12-09,7448,148
K02000001,United Kingdom,overview,2021-12-08,7383,161
K02000001,United Kingdom,overview,2021-12-07,7366,180
K02000001,United Kingdom,overview,2021-12-06,7382,41
K02000001,United Kingdom,overview,2021-12-05,7278,54
K02000001,United Kingdom,overview,2021-12-04,7179,127
K02000001,United Kingdom,overview,2021-12-03,7329,143
K02000001,United Kingdom,overview,2021-12-02,7419,141
K02000001,United Kingdom,overview,2021-12-01,7349,171
K02000001,United Kingdom,overview,2021-11-30,7675,159
K02000001,United Kingdom,overview,2021-11-29,7667,35
K02000001,United Kingdom,overview,2021-11-28,7439,51
K02000001,United Kingdom,overview,2021-11-27,7410,131
K02000001,United Kingdom,overview,2021-11-26,7565,160
K02000001,United Kingdom,overview,2021-11-25,7665,147
K02000001,United Kingdom,overview,2021-11-24,7675,149
K02000001,United Kingdom,overview,2021-11-23,7922,165
K02000001,United Kingdom,overview,2021-11-22,8138,45
K02000001,United Kingdom,overview,2021-11-21,8044,61
K02000001,United Kingdom,overview,2021-11-20,7949,150
K02000001,United Kingdom,overview,2021-11-19,8071,157
K02000001,United Kingdom,overview,2021-11-18,8124,199
K02000001,United Kingdom,overview,2021-11-17,8225,201
K02000001,United Kingdom,overview,2021-11-16,8474,214
K02000001,United Kingdom,overview,2021-11-15,8752,47
K02000001,United Kingdom,overview,2021-11-14,8593,63
K02000001,United Kingdom,overview,2021-11-13,8507,157
K02000001,United Kingdom,overview,2021-11-12,8645,145
K02000001,United Kingdom,overview,2021-11-11,8738,195
K02000001,United Kingdom,overview,2021-11-10,8891,214
K02000001,United Kingdom,overview,2021-11-09,8963,262
K02000001,United Kingdom,overview,2021-11-08,9013,57
K02000001,United Kingdom,overview,2021-11-07,8865,62
K02000001,United Kingdom,overview,2021-11-06,8845,155
K02000001,United Kingdom,overview,2021-11-05,9091,193
K02000001,United Kingdom,overview,2021-11-04,9292,214
K02000001,United Kingdom,overview,2021-11-03,9439,217
K02000001,United Kingdom,overview,2021-11-02,9654,293
K02000001,United Kingdom,overview,2021-11-01,9671,40
K02000001,United Kingdom,overview,2021-10-31,9426,74
K02000001,United Kingdom,overview,2021-10-30,9272,166
K02000001,United Kingdom,overview,2021-10-29,9221,186
K02000001,United Kingdom,overview,2021-10-28,9125,165
K02000001,United Kingdom,overview,2021-10-27,9047,207
K02000001,United Kingdom,overview,2021-10-26,8942,263
K02000001,United Kingdom,overview,2021-10-25,8826,38
K02000001,United Kingdom,overview,2021-10-24,8502,72
K02000001,United Kingdom,overview,2021-10-23,8333,135
K02000001,United Kingdom,overview,2021-10-22,8340,180
K02000001,United Kingdom,overview,2021-10-21,8357,115
K02000001,United Kingdom,overview,2021-10-20,8263,179
K02000001,United Kingdom,overview,2021-10-19,8007,223
K02000001,United Kingdom,overview,2021-10-18,7858,45
K02000001,United Kingdom,overview,2021-10-17,7490,57
K02000001,United Kingdom,overview,2021-10-16,7219,148
K02000001,United Kingdom,overview,2021-10-15,7193,145
K02000001,United Kingdom,overview,2021-10-14,7181,157
K02000001,United Kingdom,overview,2021-10-13,7123,136
K02000001,United Kingdom,overview,2021-10-12,7109,181
K02000001,United Kingdom,overview,2021-10-11,7081,28
K02000001,United Kingdom,overview,2021-10-10,6927,38
K02000001,United Kingdom,overview,2021-10-09,6755,133
K02000001,United Kingdom,overview,2021-10-08,6811,150
K02000001,United Kingdom,overview,2021-10-07,6833,122
K02000001,United Kingdom,overview,2021-10-06,6884,143
K02000001,United Kingdom,overview,2021-10-05,6899,166
K02000001,United Kingdom,overview,2021-10-04,6823,33
K02000001,United Kingdom,overview,2021-10-03,6633,43
K02000001,United Kingdom,overview,2021-10-02,6475,121
K02000001,United Kingdom,overview,2021-10-01,6623,127
K02000001,United Kingdom,overview,2021-09-30,6792,137
K02000001,United Kingdom,overview,2021-09-29,6936,150
K02000001,United Kingdom,overview,2021-09-28,7050,167
K02000001,United Kingdom,overview,2021-09-27,7067,40
K02000001,United Kingdom,overview,2021-09-26,6836,58
K02000001,United Kingdom,overview,2021-09-25,6975,127
K02000001,United Kingdom,overview,2021-09-24,6929,180
K02000001,United Kingdom,overview,2021-09-23,7180,182
K02000001,United Kingdom,overview,2021-09-22,7430,166
K02000001,United Kingdom,overview,2021-09-21,7637,203
K02000001,United Kingdom,overview,2021-09-20,7810,49
K02000001,United Kingdom,overview,2021-09-19,7759,56
K02000001,United Kingdom,overview,2021-09-18,7707,164
K02000001,United Kingdom,overview,2021-09-17,7918,178
K02000001,United Kingdom,overview,2021-09-16,8125,158
K02000001,United Kingdom,overview,2021-09-15,8407,201
K02000001,United Kingdom,overview,2021-09-14,8401,185
K02000001,United Kingdom,overview,2021-09-13,8478,61
K02000001,United Kingdom,overview,2021-09-12,8255,56
K02000001,United Kingdom,overview,2021-09-11,8145,156
K02000001,United Kingdom,overview,2021-09-10,8317,147
K02000001,United Kingdom,overview,2021-09-09,8146,167
K02000001,United Kingdom,overview,2021-09-08,8137,191
K02000001,United Kingdom,overview,2021-09-07,7981,209
K02000001,United Kingdom,overview,2021-09-06,8037,45
K02000001,United Kingdom,overview,2021-09-05,7751,68
K02000001,United Kingdom,overview,2021-09-04,7556,120
K02000001,United Kingdom,overview,2021-09-03,7671,121
K02000001,United Kingdom,overview,2021-09-02,7622,178
K02000001,United Kingdom,overview,2021-09-01,7682,207
K02000001,United Kingdom,overview,2021-08-31,7678,50
K02000001,United Kingdom,overview,2021-08-30,7340,48
K02000001,United Kingdom,overview,2021-08-29,7111,61
K02000001,United Kingdom,overview,2021-08-28,6980,133
K02000001,United Kingdom,overview,2021-08-27,7086,100
K02000001,United Kingdom,overview,2021-08-26,7032,140
K02000001,United Kingdom,overview,2021-08-25,6987,149
K02000001,United Kingdom,overview,2021-08-24,6961,174
K02000001,United Kingdom,overview,2021-08-23,7019,40
K02000001,United Kingdom,overview,2021-08-22,6749,49
K02000001,United Kingdom,overview,2021-08-21,6531,104
K02000001,United Kingdom,overview,2021-08-20,6520,114
K02000001,United Kingdom,overview,2021-08-19,6509,113
K02000001,United Kingdom,overview,2021-08-18,6465,111
K02000001,United Kingdom,overview,2021-08-17,6407,170
K02000001,United Kingdom,overview,2021-08-16,6383,26
K02000001,United Kingdom,overview,2021-08-15,6046,61
K02000001,United Kingdom,overview,2021-08-14,5885,93
K02000001,United Kingdom,overview,2021-08-13,5988,100
K02000001,United Kingdom,overview,2021-08-12,5960,94
K02000001,United Kingdom,overview,2021-08-11,6005,104
K02000001,United Kingdom,overview,2021-08-10,6020,146
K02000001,United Kingdom,overview,2021-08-09,6018,37
K02000001,United Kingdom,overview,2021-08-08,5857,39
K02000001,United Kingdom,overview,2021-08-07,5704,103
K02000001,United Kingdom,overview,2021-08-06,5753,92
K02000001,United Kingdom,overview,2021-08-05,5755,86
K02000001,United Kingdom,overview,2021-08-04,5792,119
K02000001,United Kingdom,overview,2021-08-03,6006,138
K02000001,United Kingdom,overview,2021-08-02,6215,24
K02000001,United Kingdom,overview,2021-08-01,5982,65
K02000001,United Kingdom,overview,2021-07-31,5958,71
K02000001,United Kingdom,overview,2021-07-30,6019,68
K02000001,United Kingdom,overview,2021-07-29,5986,85
K02000001,United Kingdom,overview,2021-07-28,6107,91
K02000001,United Kingdom,overview,2021-07-27,6098,131
K02000001,United Kingdom,overview,2021-07-26,6004,14
K02000001,United Kingdom,overview,2021-07-25,5648,28
K02000001,United Kingdom,overview,2021-07-24,5379,86
K02000001,United Kingdom,overview,2021-07-23,5312,64
K02000001,United Kingdom,overview,2021-07-22,5102,84
K02000001,United Kingdom,overview,2021-07-21,4930,73
K02000001,United Kingdom,overview,2021-07-20,4742,96
K02000001,United Kingdom,overview,2021-07-19,4651,19
K02000001,United Kingdom,overview,2021-07-18,4347,25
K02000001,United Kingdom,overview,2021-07-17,4231,41
K02000001,United Kingdom,overview,2021-07-16,4151,49
K02000001,United Kingdom,overview,2021-07-15,4038,63
K02000001,United Kingdom,overview,2021-07-14,3857,49
K02000001,United Kingdom,overview,2021-07-13,3673,50
K02000001,United Kingdom,overview,2021-07-12,3458,6
K02000001,United Kingdom,overview,2021-07-11,3182,26
K02000001,United Kingdom,overview,2021-07-10,3036,34
K02000001,United Kingdom,overview,2021-07-09,2939,29
K02000001,United Kingdom,overview,2021-07-08,2768,35
K02000001,United Kingdom,overview,2021-07-07,2681,33
K02000001,United Kingdom,overview,2021-07-06,2486,37
K02000001,United Kingdom,overview,2021-07-05,2364,9
K02000001,United Kingdom,overview,2021-07-04,2178,15
K02000001,United Kingdom,overview,2021-07-03,2058,18
K02000001,United Kingdom,overview,2021-07-02,2014,27
K02000001,United Kingdom,overview,2021-07-01,1937,22
K02000001,United Kingdom,overview,2021-06-30,1827,14
K02000001,United Kingdom,overview,2021-06-29,1748,23
K02000001,United Kingdom,overview,2021-06-28,1745,3
K02000001,United Kingdom,overview,2021-06-27,1607,11
K02000001,United Kingdom,overview,2021-06-26,1546,23
K02000001,United Kingdom,overview,2021-06-25,1539,18
K02000001,United Kingdom,overview,2021-06-24,1518,21
K02000001,United Kingdom,overview,2021-06-23,1497,19
K02000001,United Kingdom,overview,2021-06-22,1543,27
K02000001,United Kingdom,overview,2021-06-21,1519,5
K02000001,United Kingdom,overview,2021-06-20,1385,6
K02000001,United Kingdom,overview,2021-06-19,1350,14
K02000001,United Kingdom,overview,2021-06-18,1365,11
K02000001,United Kingdom,overview,2021-06-17,1323,19
K02000001,United Kingdom,overview,2021-06-16,1258,9
K02000001,United Kingdom,overview,2021-06-15,1233,10
K02000001,United Kingdom,overview,2021-06-14,1182,3
K02000001,United Kingdom,overview,2021-06-13,1141,8
K02000001,United Kingdom,overview,2021-06-12,1106,12
K02000001,United Kingdom,overview,2021-06-11,1077,17
K02000001,United Kingdom,overview,2021-06-10,1095,7
K02000001,United Kingdom,overview,2021-06-09,1064,6
K02000001,United Kingdom,overview,2021-06-08,1057,13
K02000001,United Kingdom,overview,2021-06-07,1035,1
K02000001,United Kingdom,overview,2021-06-06,964,4
K02000001,United Kingdom,overview,2021-06-05,938,13
K02000001,United Kingdom,overview,2021-06-04,965,11
K02000001,United Kingdom,overview,2021-06-03,938,18
K02000001,United Kingdom,overview,2021-06-02,961,12
K02000001,United Kingdom,overview,2021-06-01,930,0
K02000001,United Kingdom,overview,2021-05-31,929,1
K02000001,United Kingdom,overview,2021-05-30,907,6
K02000001,United Kingdom,overview,2021-05-29,887,7
K02000001,United Kingdom,overview,2021-05-28,886,10
K02000001,United Kingdom,overview,2021-05-27,872,10
K02000001,United Kingdom,overview,2021-05-26,895,9
K02000001,United Kingdom,overview,2021-05-25,921,15
K02000001,United Kingdom,overview,2021-05-24,960,3
K02000001,United Kingdom,overview,2021-05-23,924,5
K02000001,United Kingdom,overview,2021-05-22,887,6
K02000001,United Kingdom,overview,2021-05-21,922,9
K02000001,United Kingdom,overview,2021-05-20,912,7
K02000001,United Kingdom,overview,2021-05-19,918,3
K02000001,United Kingdom,overview,2021-05-18,898,7
K02000001,United Kingdom,overview,2021-05-17,943,5
K02000001,United Kingdom,overview,2021-05-16,941,4
K02000001,United Kingdom,overview,2021-05-15,966,7
K02000001,United Kingdom,overview,2021-05-14,976,17
K02000001,United Kingdom,overview,2021-05-13,1001,11
K02000001,United Kingdom,overview,2021-05-12,1068,11
K02000001,United Kingdom,overview,2021-05-11,1106,20
K02000001,United Kingdom,overview,2021-05-10,1129,4
K02000001,United Kingdom,overview,2021-05-09,1118,2
K02000001,United Kingdom,overview,2021-05-08,1137,5
K02000001,United Kingdom,overview,2021-05-07,1157,15
K02000001,United Kingdom,overview,2021-05-06,1159,13
K02000001,United Kingdom,overview,2021-05-05,1239,27
K02000001,United Kingdom,overview,2021-05-04,1295,4
K02000001,United Kingdom,overview,2021-05-03,1303,1
K02000001,United Kingdom,overview,2021-05-02,1285,14
K02000001,United Kingdom,overview,2021-05-01,1287,7
K02000001,United Kingdom,overview,2021-04-30,1366,15
K02000001,United Kingdom,overview,2021-04-29,1464,22
K02000001,United Kingdom,overview,2021-04-28,1515,29
K02000001,United Kingdom,overview,2021-04-27,1572,17
K02000001,United Kingdom,overview,2021-04-26,1649,6
K02000001,United Kingdom,overview,2021-04-25,1626,11
K02000001,United Kingdom,overview,2021-04-24,1673,32
K02000001,United Kingdom,overview,2021-04-23,1749,40
K02000001,United Kingdom,overview,2021-04-22,1791,18
K02000001,United Kingdom,overview,2021-04-21,1893,22
K02000001,United Kingdom,overview,2021-04-20,1926,33
K02000001,United Kingdom,overview,2021-04-19,2007,4
K02000001,United Kingdom,overview,2021-04-18,1983,10
K02000001,United Kingdom,overview,2021-04-17,2035,35
K02000001,United Kingdom,overview,2021-04-16,2140,34
K02000001,United Kingdom,overview,2021-04-15,2195,30
K02000001,United Kingdom,overview,2021-04-14,2295,38
K02000001,United Kingdom,overview,2021-04-13,2409,23
K02000001,United Kingdom,overview,2021-04-12,2493,13
K02000001,United Kingdom,overview,2021-04-11,2550,7
K02000001,United Kingdom,overview,2021-04-10,2651,40
K02000001,United Kingdom,overview,2021-04-09,2793,60
K02000001,United Kingdom,overview,2021-04-08,2872,53
K02000001,United Kingdom,overview,2021-04-07,3019,45
K02000001,United Kingdom,overview,2021-04-06,3143,20
K02000001,United Kingdom,overview,2021-04-05,3255,26
K02000001,United Kingdom,overview,2021-04-04,3229,10
K02000001,United Kingdom,overview,2021-04-03,3244,10
K02000001,United Kingdom,overview,2021-04-02,3376,52
K02000001,United Kingdom,overview,2021-04-01,3557,51
K02000001,United Kingdom,overview,2021-03-31,3742,43
K02000001,United Kingdom,overview,2021-03-30,3976,56
K02000001,United Kingdom,overview,2021-03-29,4197,23
K02000001,United Kingdom,overview,2021-03-28,4185,19
K02000001,United Kingdom,overview,2021-03-27,4436,58
K02000001,United Kingdom,overview,2021-03-26,4485,70
K02000001,United Kingdom,overview,2021-03-25,4583,63
K02000001,United Kingdom,overview,2021-03-24,4880,98
K02000001,United Kingdom,overview,2021-03-23,5150,112
K02000001,United Kingdom,overview,2021-03-22,5431,17
K02000001,United Kingdom,overview,2021-03-21,5448,33
K02000001,United Kingdom,overview,2021-03-20,5567,96
K02000001,United Kingdom,overview,2021-03-19,5880,101
K02000001,United Kingdom,overview,2021-03-18,6150,95
K02000001,United Kingdom,overview,2021-03-17,6585,141
K02000001,United Kingdom,overview,2021-03-16,6847,110
K02000001,United Kingdom,overview,2021-03-15,7208,64
K02000001,United Kingdom,overview,2021-03-14,7316,52
K02000001,United Kingdom,overview,2021-03-13,7384,121
K02000001,United Kingdom,overview,2021-03-12,7728,175
K02000001,United Kingdom,overview,2021-03-11,8066,181
K02000001,United Kingdom,overview,2021-03-10,8436,190
K02000001,United Kingdom,overview,2021-03-09,9009,231
K02000001,United Kingdom,overview,2021-03-08,9474,65
K02000001,United Kingdom,overview,2021-03-07,9459,82
K02000001,United Kingdom,overview,2021-03-06,9711,158
K02000001,United Kingdom,overview,2021-03-05,10312,236
K02000001,United Kingdom,overview,2021-03-04,10933,242
K02000001,United Kingdom,overview,2021-03-03,11523,315
K02000001,United Kingdom,overview,2021-03-02,12139,343
K02000001,United Kingdom,overview,2021-03-01,12894,104
K02000001,United Kingdom,overview,2021-02-28,12788,144
K02000001,United Kingdom,overview,2021-02-27,13269,290
K02000001,United Kingdom,overview,2021-02-26,14077,345
K02000001,United Kingdom,overview,2021-02-25,14849,323
K02000001,United Kingdom,overview,2021-02-24,15534,442
K02000001,United Kingdom,overview,2021-02-23,16115,548
K02000001,United Kingdom,overview,2021-02-22,16855,178
K02000001,United Kingdom,overview,2021-02-21,16857,215
K02000001,United Kingdom,overview,2021-02-20,17042,445
K02000001,United Kingdom,overview,2021-02-19,17860,533
K02000001,United Kingdom,overview,2021-02-18,18522,454
K02000001,United Kingdom,overview,2021-02-17,19449,738
K02000001,United Kingdom,overview,2021-02-16,20215,799
K02000001,United Kingdom,overview,2021-02-15,20994,230
K02000001,United Kingdom,overview,2021-02-14,21054,258
K02000001,United Kingdom,overview,2021-02-13,20970,621
K02000001,United Kingdom,overview,2021-02-12,22324,758
K02000001,United Kingdom,overview,2021-02-11,23411,678
K02000001,United Kingdom,overview,2021-02-10,24417,1001
K02000001,United Kingdom,overview,2021-02-09,25689,1052
K02000001,United Kingdom,overview,2021-02-08,26744,333
K02000001,United Kingdom,overview,2021-02-07,26800,373
K02000001,United Kingdom,overview,2021-02-06,26914,828
K02000001,United Kingdom,overview,2021-02-05,28383,1014
K02000001,United Kingdom,overview,2021-02-04,29413,915
K02000001,United Kingdom,overview,2021-02-03,30604,1322
K02000001,United Kingdom,overview,2021-02-02,31766,1449
K02000001,United Kingdom,overview,2021-02-01,32960,406
K02000001,United Kingdom,overview,2021-01-31,32586,587
K02000001,United Kingdom,overview,2021-01-30,33015,1200
K02000001,United Kingdom,overview,2021-01-29,33847,1245
K02000001,United Kingdom,overview,2021-01-28,34909,1239
K02000001,United Kingdom,overview,2021-01-27,35513,1725
K02000001,United Kingdom,overview,2021-01-26,37101,1631
K02000001,United Kingdom,overview,2021-01-25,37756,592
K02000001,United Kingdom,overview,2021-01-24,37730,610
K02000001,United Kingdom,overview,2021-01-23,37398,1348
K02000001,United Kingdom,overview,2021-01-22,38258,1401
K02000001,United Kingdom,overview,2021-01-21,38059,1290
K02000001,United Kingdom,overview,2021-01-20,38739,1820
K02000001,United Kingdom,overview,2021-01-19,38846,1610
K02000001,United Kingdom,overview,2021-01-18,39254,599
K02000001,United Kingdom,overview,2021-01-17,38169,671
K02000001,United Kingdom,overview,2021-01-16,37715,1295
K02000001,United Kingdom,overview,2021-01-15,38133,1280
K02000001,United Kingdom,overview,2021-01-14,37692,1248
K02000001,United Kingdom,overview,2021-01-13,37487,1564
K02000001,United Kingdom,overview,2021-01-12,36981,1243
K02000001,United Kingdom,overview,2021-01-11,36751,529
K02000001,United Kingdom,overview,2021-01-10,35391,563
K02000001,United Kingdom,overview,2021-01-09,34032,1035
K02000001,United Kingdom,overview,2021-01-08,33778,1325
K02000001,United Kingdom,overview,2021-01-07,32583,1162
K02000001,United Kingdom,overview,2021-01-06,31946,1041
K02000001,United Kingdom,overview,2021-01-05,30686,830
K02000001,United Kingdom,overview,2021-01-04,30775,407
K02000001,United Kingdom,overview,2021-01-03,29033,455
K02000001,United Kingdom,overview,2021-01-02,27561,445
K02000001,United Kingdom,overview,2021-01-01,26389,656
K02000001,United Kingdom,overview,2020-12-31,26577,964
K02000001,United Kingdom,overview,2020-12-30,26551,981
K02000001,United Kingdom,overview,2020-12-29,25549,414
K02000001,United Kingdom,overview,2020-12-28,24049,357
K02000001,United Kingdom,overview,2020-12-27,22764,317
K02000001,United Kingdom,overview,2020-12-26,21730,230
K02000001,United Kingdom,overview,2020-12-25,20918,613
K02000001,United Kingdom,overview,2020-12-24,21577,585
K02000001,United Kingdom,overview,2020-12-23,21222,744
K02000001,United Kingdom,overview,2020-12-22,21488,691
K02000001,United Kingdom,overview,2020-12-21,21133,215
K02000001,United Kingdom,overview,2020-12-20,20004,326
K02000001,United Kingdom,overview,2020-12-19,19463,534
K02000001,United Kingdom,overview,2020-12-18,19117,489
K02000001,United Kingdom,overview,2020-12-17,18970,532
K02000001,United Kingdom,overview,2020-12-16,18671,613
K02000001,United Kingdom,overview,2020-12-15,18216,506
K02000001,United Kingdom,overview,2020-12-14,18246,232
K02000001,United Kingdom,overview,2020-12-13,17538,144
K02000001,United Kingdom,overview,2020-12-12,16909,519
K02000001,United Kingdom,overview,2020-12-11,16885,424
K02000001,United Kingdom,overview,2020-12-10,16723,516
K02000001,United Kingdom,overview,2020-12-09,16331,533
K02000001,United Kingdom,overview,2020-12-08,16477,616
K02000001,United Kingdom,overview,2020-12-07,16415,189
K02000001,United Kingdom,overview,2020-12-06,15960,231
K02000001,United Kingdom,overview,2020-12-05,15688,397
K02000001,United Kingdom,overview,2020-12-04,15727,504
K02000001,United Kingdom,overview,2020-12-03,15658,414
K02000001,United Kingdom,overview,2020-12-02,15977,648
K02000001,United Kingdom,overview,2020-12-01,16312,603
K02000001,United Kingdom,overview,2020-11-30,16565,205
K02000001,United Kingdom,overview,2020-11-29,16313,215
K02000001,United Kingdom,overview,2020-11-28,15985,479
K02000001,United Kingdom,overview,2020-11-27,16571,521
K02000001,United Kingdom,overview,2020-11-26,16762,498
K02000001,United Kingdom,overview,2020-11-25,17132,696
K02000001,United Kingdom,overview,2020-11-24,17424,608
K02000001,United Kingdom,overview,2020-11-23,17680,206
K02000001,United Kingdom,overview,2020-11-22,17264,398
K02000001,United Kingdom,overview,2020-11-21,17063,341
K02000001,United Kingdom,overview,2020-11-20,17184,511
K02000001,United Kingdom,overview,2020-11-19,17459,501
K02000001,United Kingdom,overview,2020-11-18,17486,529
K02000001,United Kingdom,overview,2020-11-17,17439,598
K02000001,United Kingdom,overview,2020-11-16,17313,213
K02000001,United Kingdom,overview,2020-11-15,16864,168
K02000001,United Kingdom,overview,2020-11-14,16299,462
K02000001,United Kingdom,overview,2020-11-13,16236,376
K02000001,United Kingdom,overview,2020-11-12,15879,563
K02000001,United Kingdom,overview,2020-11-11,15666,595
K02000001,United Kingdom,overview,2020-11-10,14964,532
K02000001,United Kingdom,overview,2020-11-09,15141,194
K02000001,United Kingdom,overview,2020-11-08,14546,156
K02000001,United Kingdom,overview,2020-11-07,14314,413
K02000001,United Kingdom,overview,2020-11-06,13958,355
K02000001,United Kingdom,overview,2020-11-05,13796,378
K02000001,United Kingdom,overview,2020-11-04,13817,492
K02000001,United Kingdom,overview,2020-11-03,13749,397
K02000001,United Kingdom,overview,2020-11-02,13105,136
K02000001,United Kingdom,overview,2020-11-01,12230,162
K02000001,United Kingdom,overview,2020-10-31,12310,326
K02000001,United Kingdom,overview,2020-10-30,11788,274
K02000001,United Kingdom,overview,2020-10-29,11583,280
K02000001,United Kingdom,overview,2020-10-28,11434,310
K02000001,United Kingdom,overview,2020-10-27,10938,367
K02000001,United Kingdom,overview,2020-10-26,10108,102
K02000001,United Kingdom,overview,2020-10-25,9786,151
K02000001,United Kingdom,overview,2020-10-24,9262,174
K02000001,United Kingdom,overview,2020-10-23,8886,224
K02000001,United Kingdom,overview,2020-10-22,8311,189
K02000001,United Kingdom,overview,2020-10-21,8132,191
K02000001,United Kingdom,overview,2020-10-20,7852,241
K02000001,United Kingdom,overview,2020-10-19,7334,80
K02000001,United Kingdom,overview,2020-10-18,6829,67
K02000001,United Kingdom,overview,2020-10-17,6545,150
K02000001,United Kingdom,overview,2020-10-16,6296,136
K02000001,United Kingdom,overview,2020-10-15,5933,138
K02000001,United Kingdom,overview,2020-10-14,5598,137
K02000001,United Kingdom,overview,2020-10-13,5293,143
K02000001,United Kingdom,overview,2020-10-12,4959,50
K02000001,United Kingdom,overview,2020-10-11,4670,65
K02000001,United Kingdom,overview,2020-10-10,4358,81
K02000001,United Kingdom,overview,2020-10-09,4170,87
K02000001,United Kingdom,overview,2020-10-08,4085,77
K02000001,United Kingdom,overview,2020-10-07,3893,70
K02000001,United Kingdom,overview,2020-10-06,3642,76
K02000001,United Kingdom,overview,2020-10-05,3370,19
K02000001,United Kingdom,overview,2020-10-04,3056,33
K02000001,United Kingdom,overview,2020-10-03,2867,49
K02000001,United Kingdom,overview,2020-10-02,2723,66
K02000001,United Kingdom,overview,2020-10-01,2592,59
K02000001,United Kingdom,overview,2020-09-30,2530,71
K02000001,United Kingdom,overview,2020-09-29,2420,71
K02000001,United Kingdom,overview,2020-09-28,2399,13
K02000001,United Kingdom,overview,2020-09-27,2188,17
K02000001,United Kingdom,overview,2020-09-26,2033,34
K02000001,United Kingdom,overview,2020-09-25,2020,35
K02000001,United Kingdom,overview,2020-09-24,1846,40
K02000001,United Kingdom,overview,2020-09-23,1730,37
K02000001,United Kingdom,overview,2020-09-22,1636,37
K02000001,United Kingdom,overview,2020-09-21,1558,11
K02000001,United Kingdom,overview,2020-09-20,1398,18
K02000001,United Kingdom,overview,2020-09-19,1300,27
K02000001,United Kingdom,overview,2020-09-18,1221,27
K02000001,United Kingdom,overview,2020-09-17,1162,21
K02000001,United Kingdom,overview,2020-09-16,1106,20
K02000001,United Kingdom,overview,2020-09-15,1066,27
K02000001,United Kingdom,overview,2020-09-14,982,9
K02000001,United Kingdom,overview,2020-09-13,843,5
K02000001,United Kingdom,overview,2020-09-12,812,9
K02000001,United Kingdom,overview,2020-09-11,770,6
K02000001,United Kingdom,overview,2020-09-10,944,14
K02000001,United Kingdom,overview,2020-09-09,924,8
K02000001,United Kingdom,overview,2020-09-08,894,32
K02000001,United Kingdom,overview,2020-09-07,902,3
K02000001,United Kingdom,overview,2020-09-06,817,2
K02000001,United Kingdom,overview,2020-09-05,812,12
K02000001,United Kingdom,overview,2020-09-04,818,10
K02000001,United Kingdom,overview,2020-09-03,817,13
K02000001,United Kingdom,overview,2020-09-02,803,10
K02000001,United Kingdom,overview,2020-09-01,861,3
K02000001,United Kingdom,overview,2020-08-31,854,2
K02000001,United Kingdom,overview,2020-08-30,831,1
K02000001,United Kingdom,overview,2020-08-29,833,12
K02000001,United Kingdom,overview,2020-08-28,818,9
K02000001,United Kingdom,overview,2020-08-27,840,12
K02000001,United Kingdom,overview,2020-08-26,829,16
K02000001,United Kingdom,overview,2020-08-25,844,16
K02000001,United Kingdom,overview,2020-08-24,876,4
K02000001,United Kingdom,overview,2020-08-23,870,6
K02000001,United Kingdom,overview,2020-08-22,943,18
K02000001,United Kingdom,overview,2020-08-21,888,2
K02000001,United Kingdom,overview,2020-08-20,909,6
K02000001,United Kingdom,overview,2020-08-19,924,16
K02000001,United Kingdom,overview,2020-08-18,953,12
K02000001,United Kingdom,overview,2020-08-17,982,3
K02000001,United Kingdom,overview,2020-08-16,979,5
K02000001,United Kingdom,overview,2020-08-15,974,3
K02000001,United Kingdom,overview,2020-08-14,995,11
K02000001,United Kingdom,overview,2020-08-13,1008,18
K02000001,United Kingdom,overview,2020-08-12,1004,20
K02000001,United Kingdom,overview,2020-08-11,1039,13
K02000001,United Kingdom,overview,2020-08-10,1087,18
K02000001,United Kingdom,overview,2020-08-09,983,5
K02000001,United Kingdom,overview,2020-08-08,1027,3
K02000001,United Kingdom,overview,2020-08-07,1094,12
K02000001,United Kingdom,overview,2020-08-06,1155,18
K02000001,United Kingdom,overview,2020-08-05,1200,14
K02000001,United Kingdom,overview,2020-08-04,1216,18
K02000001,United Kingdom,overview,2020-08-03,1251,1
K02000001,United Kingdom,overview,2020-08-02,1254,5
K02000001,United Kingdom,overview,2020-08-01,1290,13
K02000001,United Kingdom,overview,2020-07-31,1266,20
K02000001,United Kingdom,overview,2020-07-30,1314,0
K02000001,United Kingdom,overview,2020-07-29,1350,34
K02000001,United Kingdom,overview,2020-07-28,1369,21
K02000001,United Kingdom,overview,2020-07-27,1370,3
K02000001,United Kingdom,overview,2020-07-26,1383,8
K02000001,United Kingdom,overview,2020-07-25,1401,15
K02000001,United Kingdom,overview,2020-07-24,1453,32
K02000001,United Kingdom,overview,2020-07-23,1538,9
K02000001,United Kingdom,overview,2020-07-22,1747,17
K02000001,United Kingdom,overview,2020-07-21,1634,25
K02000001,United Kingdom,overview,2020-07-20,1734,10
K02000001,United Kingdom,overview,2020-07-19,1742,11
K02000001,United Kingdom,overview,2020-07-18,1776,9
K02000001,United Kingdom,overview,2020-07-17,1804,26
K02000001,United Kingdom,overview,2020-07-16,1829,24
K02000001,United Kingdom,overview,2020-07-15,1974,26
K02000001,United Kingdom,overview,2020-07-14,1993,44
K02000001,United Kingdom,overview,2020-07-13,2113,10
K02000001,United Kingdom,overview,2020-07-12,2101,9
K02000001,United Kingdom,overview,2020-07-11,2119,17
K02000001,United Kingdom,overview,2020-07-10,2244,34
K02000001,United Kingdom,overview,2020-07-09,2345,31
K02000001,United Kingdom,overview,2020-07-08,2454,57
K02000001,United Kingdom,overview,2020-07-07,2598,54
K02000001,United Kingdom,overview,2020-07-06,2699,11
K02000001,United Kingdom,overview,2020-07-05,2741,19
K02000001,United Kingdom,overview,2020-07-04,2802,32
K02000001,United Kingdom,overview,2020-07-03,2942,50
K02000001,United Kingdom,overview,2020-07-02,3079,41
K02000001,United Kingdom,overview,2020-07-01,3198,97
K02000001,United Kingdom,overview,2020-06-30,3383,53
K02000001,United Kingdom,overview,2020-06-29,3748,21
K02000001,United Kingdom,overview,2020-06-28,3557,31
K02000001,United Kingdom,overview,2020-06-27,3544,40
K02000001,United Kingdom,overview,2020-06-26,3620,79
K02000001,United Kingdom,overview,2020-06-25,3850,99
K02000001,United Kingdom,overview,2020-06-24,4030,87
K02000001,United Kingdom,overview,2020-06-23,4134,94
K02000001,United Kingdom,overview,2020-06-22,4281,14
K02000001,United Kingdom,overview,2020-06-21,4222,31
K02000001,United Kingdom,overview,2020-06-20,4252,71
K02000001,United Kingdom,overview,2020-06-19,4414,84
K02000001,United Kingdom,overview,2020-06-18,4560,67
K02000001,United Kingdom,overview,2020-06-17,4719,110
K02000001,United Kingdom,overview,2020-06-16,4863,120
K02000001,United Kingdom,overview,2020-06-15,4870,29
K02000001,United Kingdom,overview,2020-06-14,4908,27
K02000001,United Kingdom,overview,2020-06-13,4941,107
K02000001,United Kingdom,overview,2020-06-12,5090,131
K02000001,United Kingdom,overview,2020-06-11,5179,76
K02000001,United Kingdom,overview,2020-06-10,5475,164
K02000001,United Kingdom,overview,2020-06-09,5736,195
K02000001,United Kingdom,overview,2020-06-08,5931,47
K02000001,United Kingdom,overview,2020-06-07,5944,54
K02000001,United Kingdom,overview,2020-06-06,6149,143
K02000001,United Kingdom,overview,2020-06-05,6379,258
K02000001,United Kingdom,overview,2020-06-04,6580,130
K02000001,United Kingdom,overview,2020-06-03,6815,254
K02000001,United Kingdom,overview,2020-06-02,7087,249
K02000001,United Kingdom,overview,2020-06-01,7248,86
K02000001,United Kingdom,overview,2020-05-31,7238,60
K02000001,United Kingdom,overview,2020-05-30,7268,154
K02000001,United Kingdom,overview,2020-05-29,7586,274
K02000001,United Kingdom,overview,2020-05-28,7907,343
K02000001,United Kingdom,overview,2020-05-27,8220,422
K02000001,United Kingdom,overview,2020-05-26,8732,131
K02000001,United Kingdom,overview,2020-05-25,8836,104
K02000001,United Kingdom,overview,2020-05-24,8814,379
K02000001,United Kingdom,overview,2020-05-23,8814,220
K02000001,United Kingdom,overview,2020-05-22,9184,291
K02000001,United Kingdom,overview,2020-05-21,9293,273
K02000001,United Kingdom,overview,2020-05-20,9563,328
K02000001,United Kingdom,overview,2020-05-19,10013,500
K02000001,United Kingdom,overview,2020-05-18,10231,146
K02000001,United Kingdom,overview,2020-05-17,10199,67
K02000001,United Kingdom,overview,2020-05-16,10238,411
K02000001,United Kingdom,overview,2020-05-15,10691,350
K02000001,United Kingdom,overview,2020-05-14,10921,352
K02000001,United Kingdom,overview,2020-05-13,11342,447
K02000001,United Kingdom,overview,2020-05-12,11591,614
K02000001,United Kingdom,overview,2020-05-11,11967,187
K02000001,United Kingdom,overview,2020-05-10,11727,217
K02000001,United Kingdom,overview,2020-05-09,12015,275
K02000001,United Kingdom,overview,2020-05-08,12053,579
K02000001,United Kingdom,overview,2020-05-07,12626,458
K02000001,United Kingdom,overview,2020-05-06,13148,647
K02000001,United Kingdom,overview,2020-05-05,13723,726
K02000001,United Kingdom,overview,2020-05-04,14097,272
K02000001,United Kingdom,overview,2020-05-03,14188,253
K02000001,United Kingdom,overview,2020-05-02,14380,584
K02000001,United Kingdom,overview,2020-05-01,14723,698
K02000001,United Kingdom,overview,2020-04-30,15164,634
K02000001,United Kingdom,overview,2020-04-29,15521,769
K02000001,United Kingdom,overview,2020-04-28,15877,969
K02000001,United Kingdom,overview,2020-04-27,16662,320
K02000001,United Kingdom,overview,2020-04-26,16555,364
K02000001,United Kingdom,overview,2020-04-25,16604,815
K02000001,United Kingdom,overview,2020-04-24,17063,1010
K02000001,United Kingdom,overview,2020-04-23,17867,682
K02000001,United Kingdom,overview,2020-04-22,18533,847
K02000001,United Kingdom,overview,2020-04-21,19139,1224
K02000001,United Kingdom,overview,2020-04-20,19331,570
K02000001,United Kingdom,overview,2020-04-19,19574,432
K02000001,United Kingdom,overview,2020-04-18,19456,1105
K02000001,United Kingdom,overview,2020-04-17,19330,913
K02000001,United Kingdom,overview,2020-04-16,20389,1036
K02000001,United Kingdom,overview,2020-04-15,20582,880
K02000001,United Kingdom,overview,2020-04-14,21281,1076
K02000001,United Kingdom,overview,2020-04-13,21308,724
K02000001,United Kingdom,overview,2020-04-12,21687,657
K02000001,United Kingdom,overview,2020-04-11,21254,843
K02000001,United Kingdom,overview,2020-04-10,21280,1122
K02000001,United Kingdom,overview,2020-04-09,21005,1116
K02000001,United Kingdom,overview,2020-04-08,20740,1030
K02000001,United Kingdom,overview,2020-04-07,20234,1105
K02000001,United Kingdom,overview,2020-04-06,19493,567
K02000001,United Kingdom,overview,2020-04-05,18855,599
K02000001,United Kingdom,overview,2020-04-04,17502,756
K02000001,United Kingdom,overview,2020-04-03,15546,736
K02000001,United Kingdom,overview,2020-04-02,13875,657
K02000001,United Kingdom,overview,2020-04-01,13637,672
K02000001,United Kingdom,overview,2020-03-31,12597,403
K02000001,United Kingdom,overview,2020-03-30,11093,374
K02000001,United Kingdom,overview,2020-03-29,9525,212
K02000001,United Kingdom,overview,2020-03-28,8278,292
K02000001,United Kingdom,overview,2020-03-27,7267,288
K02000001,United Kingdom,overview,2020-03-26,,181
K02000001,United Kingdom,overview,2020-03-25,,191
K02000001,United Kingdom,overview,2020-03-24,,148
K02000001,United Kingdom,overview,2020-03-23,,76
K02000001,United Kingdom,overview,2020-03-22,,36
K02000001,United Kingdom,overview,2020-03-21,,58
K02000001,United Kingdom,overview,2020-03-20,,32
K02000001,United Kingdom,overview,2020-03-19,,45
K02000001,United Kingdom,overview,2020-03-18,,34
K02000001,United Kingdom,overview,2020-03-17,,16
K02000001,United Kingdom,overview,2020-03-16,,22
K02000001,United Kingdom,overview,2020-03-15,,14
K02000001,United Kingdom,overview,2020-03-14,,18
K02000001,United Kingdom,overview,2020-03-13,,1
K02000001,United Kingdom,overview,2020-03-12,,2
K02000001,United Kingdom,overview,2020-03-11,,0
K02000001,United Kingdom,overview,2020-03-10,,4
K02000001,United Kingdom,overview,2020-03-09,,1
K02000001,United Kingdom,overview,2020-03-08,,0
K02000001,United Kingdom,overview,2020-03-07,,1
K02000001,United Kingdom,overview,2020-03-06,,1
