areaCode,areaName,areaType,date,cumPeopleVaccinatedSecondDoseByPublishDate,cumVaccinationFirstDoseUptakeByPublishDatePercentage,hospitalCases
K02000001,United Kingdom,overview,2021-12-13,46804609,89.2,7672
K02000001,United Kingdom,overview,2021-12-12,46775202,89.2,7459
K02000001,United Kingdom,overview,2021-12-11,46745007,89.1,7344
K02000001,United Kingdom,overview,2021-12-10,46706023,89.1,7386
K02000001,United Kingdom,overview,2021-12-09,46674061,89.0,7436
K02000001,United Kingdom,overview,2021-12-08,46640237,89.0,7371
K02000001,United Kingdom,overview,2021-12-07,46610800,89.0,7357
K02000001,United Kingdom,overview,2021-12-06,46582425,88.9,7373
K02000001,United Kingdom,overview,2021-12-05,46557413,88.9,7271
K02000001,United Kingdom,overview,2021-12-04,46530247,88.9,7172
K02000001,United Kingdom,overview,2021-12-03,46492449,88.8,7322
K02000001,United Kingdom,overview,2021-12-02,46462638,88.8,7413
K02000001,United Kingdom,overview,2021-12-01,46431662,88.7,7344
K02000001,United Kingdom,overview,2021-11-30,46399306,88.7,7671
K02000001,United Kingdom,overview,2021-11-29,46367149,88.6,7664
K02000001,United Kingdom,overview,2021-11-28,46341057,88.6,7436
K02000001,United Kingdom,overview,2021-11-27,46311612,88.5,7407
K02000001,United Kingdom,overview,2021-11-26,46278746,88.5,7562
K02000001,United Kingdom,overview,2021-11-25,46255081,88.5,7664
K02000001,United Kingdom,overview,2021-11-24,46232258,88.4,7675
K02000001,United Kingdom,overview,2021-11-23,46208819,88.4,7924
K02000001,United Kingdom,overview,2021-11-22,46186817,88.3,8141
K02000001,United Kingdom,overview,2021-11-21,46168300,88.3,8047
K02000001,United Kingdom,overview,2021-11-20,46154408,88.3,7952
K02000001,United Kingdom,overview,2021-11-19,46130215,88.2,8073
K02000001,United Kingdom,overview,2021-11-18,46108608,88.2,8126
K02000001,United Kingdom,overview,2021-11-17,46087958,88.1,8226
K02000001,United Kingdom,overview,2021-11-16,46065838,88.1,8475
K02000001,United Kingdom,overview,2021-11-15,46045964,88.0,8753
K02000001,United Kingdom,overview,2021-11-14,46027909,88.0,8594
K02000001,United Kingdom,overview,2021-11-13,46010861,87.9,8508
K02000001,United Kingdom,overview,2021-11-12,45986536,87.9,8645
K02000001,United Kingdom,overview,2021-11-11,45964488,87.8,8738
K02000001,United Kingdom,overview,2021-11-10,45942003,87.7,8891
K02000001,United Kingdom,overview,2021-11-09,45894237,87.5,8963
K02000001,United Kingdom,overview,2021-11-08,45873038,87.5,9013
K02000001,United Kingdom,overview,2021-11-07,45852677,87.4,8865
K02000001,United Kingdom,overview,2021-11-06,45838067,87.4,8845
K02000001,United Kingdom,overview,2021-11-05,45813567,87.3,9091
K02000001,United Kingdom,overview,2021-11-04,45790934,87.2,9292
K02000001,United Kingdom,overview,2021-11-03,45770452,87.1,9439
K02000001,United Kingdom,overview,2021-11-02,45752487,87.1,9654
K02000001,United Kingdom,overview,2021-11-01,45731565,87.0,9671
K02000001,United Kingdom,overview,2021-10-31,45712351,86.9,9426
K02000001,United Kingdom,overview,2021-10-30,45698902,86.9,9272
K02000001,United Kingdom,overview,2021-10-29,45673501,86.8,9221
K02000001,United Kingdom,overview,2021-10-28,45651222,86.7,9125
K02000001,United Kingdom,overview,2021-10-27,45627499,86.7,9047
K02000001,United Kingdom,overview,2021-10-26,45605922,86.6,8942
K02000001,United Kingdom,overview,2021-10-25,45582891,86.5,8826
K02000001,United Kingdom,overview,2021-10-24,45561445,86.4,8502
K02000001,United Kingdom,overview,2021-10-23,45543363,86.4,8333
K02000001,United Kingdom,overview,2021-10-22,45513120,86.3,8340
K02000001,United Kingdom,overview,2021-10-21,45486950,86.3,8357
K02000001,United Kingdom,overview,2021-10-20,45460122,86.2,8263
K02000001,United Kingdom,overview,2021-10-19,45433757,86.1,8007
K02000001,United Kingdom,overview,2021-10-18,45400990,86.0,7858
K02000001,United Kingdom,overview,2021-10-17,45377411,85.9,7490
K02000001,United Kingdom,overview,2021-10-16,45360146,85.9,7219
K02000001,United Kingdom,overview,2021-10-15,45326663,85.9,7193
K02000001,United Kingdom,overview,2021-10-14,45297231,85.8,7181
K02000001,United Kingdom,overview,2021-10-13,45269240,85.7,7123
K02000001,United Kingdom,overview,2021-10-12,45239759,85.6,7109
K02000001,United Kingdom,overview,2021-10-11,45212813,85.6,7081
K02000001,United Kingdom,overview,2021-10-10,45189181,85.5,6927
K02000001,United Kingdom,overview,2021-10-09,45169730,85.5,6755
K02000001,United Kingdom,overview,2021-10-08,45136253,85.4,6811
K02000001,United Kingdom,overview,2021-10-07,45107185,85.4,6833
K02000001,United Kingdom,overview,2021-10-06,45078529,85.3,6884
K02000001,United Kingdom,overview,2021-10-05,45049953,85.3,6899
K02000001,United Kingdom,overview,2021-10-04,45021381,85.2,6823
K02000001,United Kingdom,overview,2021-10-03,44992044,85.1,6633
K02000001,United Kingdom,overview,2021-10-02,44970512,85.1,6475
K02000001,United Kingdom,overview,2021-10-01,44936121,85.0,6623
K02000001,United Kingdom,overview,2021-09-30,44901832,85.0,6792
K02000001,United Kingdom,overview,2021-09-29,44867373,84.9,6936
K02000001,United Kingdom,overview,2021-09-28,44833280,84.9,7050
K02000001,United Kingdom,overview,2021-09-27,44799748,84.8,7067
K02000001,United Kingdom,overview,2021-09-26,44766571,84.8,6836
K02000001,United Kingdom,overview,2021-09-25,44741032,84.7,6975
K02000001,United Kingdom,overview,2021-09-24,44693914,84.7,6929
K02000001,United Kingdom,overview,2021-09-23,44649155,84.6,7180
K02000001,United Kingdom,overview,2021-09-22,44604567,84.6,7430
K02000001,United Kingdom,overview,2021-09-21,44560520,84.6,7637
K02000001,United Kingdom,overview,2021-09-20,44517114,84.5,7810
K02000001,United Kingdom,overview,2021-09-19,44470772,84.5,7759
K02000001,United Kingdom,overview,2021-09-18,44435615,84.5,7707
K02000001,United Kingdom,overview,2021-09-17,44363118,84.4,7918
K02000001,United Kingdom,overview,2021-09-16,44302734,84.4,8125
K02000001,United Kingdom,overview,2021-09-15,44238761,84.3,8407
K02000001,United Kingdom,overview,2021-09-14,44175471,84.3,8401
K02000001,United Kingdom,overview,2021-09-13,44108746,84.3,8478
K02000001,United Kingdom,overview,2021-09-12,44048093,84.2,8255
K02000001,United Kingdom,overview,2021-09-11,43995478,84.2,8145
K02000001,United Kingdom,overview,2021-09-10,43897419,84.2,8317
K02000001,United Kingdom,overview,2021-09-09,43805608,84.1,8146
K02000001,United Kingdom,overview,2021-09-08,43708906,84.1,8137
K02000001,United Kingdom,overview,2021-09-07,43620946,84.0,7981
K02000001,United Kingdom,overview,2021-09-06,43535098,84.0,8037
K02000001,United Kingdom,overview,2021-09-05,43455083,83.9,7751
K02000001,United Kingdom,overview,2021-09-04,43381890,83.9,7556
K02000001,United Kingdom,overview,2021-09-03,43253337,83.8,7671
K02000001,United Kingdom,overview,2021-09-02,43142747,83.8,7622
K02000001,United Kingdom,overview,2021-09-01,43023372,83.7,7682
K02000001,United Kingdom,overview,2021-08-31,42909987,83.6,7678
K02000001,United Kingdom,overview,2021-08-30,42790585,83.5,7340
K02000001,United Kingdom,overview,2021-08-29,42723937,83.5,7111
K02000001,United Kingdom,overview,2021-08-28,42644497,83.5,6980
K02000001,United Kingdom,overview,2021-08-27,42510809,83.4,7086
K02000001,United Kingdom,overview,2021-08-26,42379353,83.3,7032
K02000001,United Kingdom,overview,2021-08-25,42234417,83.2,6987
K02000001,United Kingdom,overview,2021-08-24,42072712,83.1,6961
K02000001,United Kingdom,overview,2021-08-23,41942036,83.0,7019
K02000001,United Kingdom,overview,2021-08-22,41810753,82.9,6749
K02000001,United Kingdom,overview,2021-08-21,41694401,82.9,6531
K02000001,United Kingdom,overview,2021-08-20,41499520,82.7,6520
K02000001,United Kingdom,overview,2021-08-19,41332128,82.6,6509
K02000001,United Kingdom,overview,2021-08-18,41157069,82.5,6465
K02000001,United Kingdom,overview,2021-08-17,40987846,82.4,6407
K02000001,United Kingdom,overview,2021-08-16,40841971,82.4,6383
K02000001,United Kingdom,overview,2021-08-15,40703581,82.3,6046
K02000001,United Kingdom,overview,2021-08-14,40577198,82.3,5885
K02000001,United Kingdom,overview,2021-08-13,40377614,82.2,5988
K02000001,United Kingdom,overview,2021-08-12,40206029,82.1,5960
K02000001,United Kingdom,overview,2021-08-11,40013470,82.0,6005
K02000001,United Kingdom,overview,2021-08-10,39839709,82.0,6020
K02000001,United Kingdom,overview,2021-08-09,39688566,81.9,6018
K02000001,United Kingdom,overview,2021-08-08,39551538,81.8,5857
K02000001,United Kingdom,overview,2021-08-07,39429468,81.8,5703
K02000001,United Kingdom,overview,2021-08-06,39215885,81.7,5752
K02000001,United Kingdom,overview,2021-08-05,39047529,81.7,5755
K02000001,United Kingdom,overview,2021-08-04,38874837,81.6,5792
K02000001,United Kingdom,overview,2021-08-03,38709168,81.5,6006
K02000001,United Kingdom,overview,2021-08-02,38566407,81.5,6215
K02000001,United Kingdom,overview,2021-08-01,38440215,81.4,5982
K02000001,United Kingdom,overview,2021-07-31,38322171,81.4,5958
K02000001,United Kingdom,overview,2021-07-30,38110157,81.3,6019
K02000001,United Kingdom,overview,2021-07-29,37939061,81.3,5986
K02000001,United Kingdom,overview,2021-07-28,37759143,81.2,6107
K02000001,United Kingdom,overview,2021-07-27,37587970,81.1,6098
K02000001,United Kingdom,overview,2021-07-26,37436320,81.1,6004
K02000001,United Kingdom,overview,2021-07-25,37287384,81.0,5648
K02000001,United Kingdom,overview,2021-07-24,37169428,81.0,5379
K02000001,United Kingdom,overview,2021-07-23,36965542,80.9,5312
K02000001,United Kingdom,overview,2021-07-22,36776201,80.8,5102
K02000001,United Kingdom,overview,2021-07-21,36587904,80.7,4930
K02000001,United Kingdom,overview,2021-07-20,36404566,80.7,4742
K02000001,United Kingdom,overview,2021-07-19,36243287,80.6,4651
K02000001,United Kingdom,overview,2021-07-18,36099727,80.5,4347
K02000001,United Kingdom,overview,2021-07-17,35970849,80.5,4231
K02000001,United Kingdom,overview,2021-07-16,35745635,80.4,4151
K02000001,United Kingdom,overview,2021-07-15,35543321,80.3,4038
K02000001,United Kingdom,overview,2021-07-14,35341428,80.2,3857
K02000001,United Kingdom,overview,2021-07-13,35155767,80.1,3673
K02000001,United Kingdom,overview,2021-07-12,34997491,80.0,3458
K02000001,United Kingdom,overview,2021-07-11,34872131,79.9,3182
K02000001,United Kingdom,overview,2021-07-10,34764511,79.8,3036
K02000001,United Kingdom,overview,2021-07-09,34553065,79.6,2939
K02000001,United Kingdom,overview,2021-07-08,34374246,79.5,2768
K02000001,United Kingdom,overview,2021-07-07,34198779,79.3,2681
K02000001,United Kingdom,overview,2021-07-06,34027302,79.1,2486
K02000001,United Kingdom,overview,2021-07-05,33874176,79.0,2364
K02000001,United Kingdom,overview,2021-07-04,33726362,78.9,2178
K02000001,United Kingdom,overview,2021-07-03,33614952,78.7,2058
K02000001,United Kingdom,overview,2021-07-02,33418743,78.5,2014
K02000001,United Kingdom,overview,2021-07-01,33241265,78.3,1937
K02000001,United Kingdom,overview,2021-06-30,33048199,78.0,1827
K02000001,United Kingdom,overview,2021-06-29,32872450,77.8,1748
K02000001,United Kingdom,overview,2021-06-28,32721762,77.5,1745
K02000001,United Kingdom,overview,2021-06-27,32583746,77.3,1607
K02000001,United Kingdom,overview,2021-06-26,32460191,77.1,1546
K02000001,United Kingdom,overview,2021-06-25,32260686,76.7,1539
K02000001,United Kingdom,overview,2021-06-24,32085916,76.3,1518
K02000001,United Kingdom,overview,2021-06-23,31908103,75.9,1497
K02000001,United Kingdom,overview,2021-06-22,31740115,75.6,1543
K02000001,United Kingdom,overview,2021-06-21,31489240,75.0,1519
K02000001,United Kingdom,overview,2021-06-20,31449915,75.0,1385
K02000001,United Kingdom,overview,2021-06-19,31340507,74.7,1350
K02000001,United Kingdom,overview,2021-06-18,31104144,74.2,1365
K02000001,United Kingdom,overview,2021-06-17,30898467,73.8,1323
K02000001,United Kingdom,overview,2021-06-16,30675207,73.4,1258
K02000001,United Kingdom,overview,2021-06-15,30440373,73.1,1233
K02000001,United Kingdom,overview,2021-06-14,30209707,72.7,1182
K02000001,United Kingdom,overview,2021-06-13,29973779,72.5,1141
K02000001,United Kingdom,overview,2021-06-12,29792658,72.3,1106
K02000001,United Kingdom,overview,2021-06-11,29472332,71.8,1077
K02000001,United Kingdom,overview,2021-06-10,29165140,71.4,1095
K02000001,United Kingdom,overview,2021-06-09,28857102,71.1,1064
K02000001,United Kingdom,overview,2021-06-08,28540844,70.8,1057
K02000001,United Kingdom,overview,2021-06-07,28227362,70.6,1035
K02000001,United Kingdom,overview,2021-06-06,27921294,70.4,964
K02000001,United Kingdom,overview,2021-06-05,27661353,70.1,938
K02000001,United Kingdom,overview,2021-06-04,27187975,69.8,965
K02000001,United Kingdom,overview,2021-06-03,26799944,69.5,938
K02000001,United Kingdom,overview,2021-06-02,26422303,69.1,961
K02000001,United Kingdom,overview,2021-06-01,26073284,68.8,930
K02000001,United Kingdom,overview,2021-05-31,25734719,68.6,929
K02000001,United Kingdom,overview,2021-05-30,25539173,68.5,907
K02000001,United Kingdom,overview,2021-05-29,25332851,68.3,887
K02000001,United Kingdom,overview,2021-05-28,24914003,67.9,886
K02000001,United Kingdom,overview,2021-05-27,24478052,67.6,872
K02000001,United Kingdom,overview,2021-05-26,24043956,67.1,895
K02000001,United Kingdom,overview,2021-05-25,23616498,66.7,921
K02000001,United Kingdom,overview,2021-05-24,23228511,66.4,960
K02000001,United Kingdom,overview,2021-05-23,22895556,66.2,924
K02000001,United Kingdom,overview,2021-05-22,22643417,66.0,887
K02000001,United Kingdom,overview,2021-05-21,22086466,65.6,922
K02000001,United Kingdom,overview,2021-05-20,21659783,65.2,912
K02000001,United Kingdom,overview,2021-05-19,21239471,64.8,918
K02000001,United Kingdom,overview,2021-05-18,20870453,64.3,898
K02000001,United Kingdom,overview,2021-05-17,20546452,64.0,943
K02000001,United Kingdom,overview,2021-05-16,20287403,63.8,941
K02000001,United Kingdom,overview,2021-05-15,20103658,63.6,966
K02000001,United Kingdom,overview,2021-05-14,19712412,63.2,976
K02000001,United Kingdom,overview,2021-05-13,19319010,62.8,1001
K02000001,United Kingdom,overview,2021-05-12,18890969,62.4,1068
K02000001,United Kingdom,overview,2021-05-11,18438532,62.1,1106
K02000001,United Kingdom,overview,2021-05-10,18088385,61.9,1129
K02000001,United Kingdom,overview,2021-05-09,17856550,61.7,1118
K02000001,United Kingdom,overview,2021-05-08,17669379,61.5,1137
K02000001,United Kingdom,overview,2021-05-07,17230542,61.2,1157
K02000001,United Kingdom,overview,2021-05-06,16764720,61.0,1159
K02000001,United Kingdom,overview,2021-05-05,16291719,60.7,1239
K02000001,United Kingdom,overview,2021-05-04,15887493,60.5,1295
K02000001,United Kingdom,overview,2021-05-03,15630007,60.3,1303
K02000001,United Kingdom,overview,2021-05-02,15502508,60.2,1285
K02000001,United Kingdom,overview,2021-05-01,15329617,60.0,1287
K02000001,United Kingdom,overview,2021-04-30,14957313,59.8,1366
K02000001,United Kingdom,overview,2021-04-29,14535528,59.5,1464
K02000001,United Kingdom,overview,2021-04-28,14043961,59.3,1515
K02000001,United Kingdom,overview,2021-04-27,13581076,59.1,1572
K02000001,United Kingdom,overview,2021-04-26,13201811,58.9,1649
K02000001,United Kingdom,overview,2021-04-25,12897123,58.7,1626
K02000001,United Kingdom,overview,2021-04-24,12636322,58.6,1673
K02000001,United Kingdom,overview,2021-04-23,12088686,58.3,1749
K02000001,United Kingdom,overview,2021-04-22,11623671,58.1,1791
K02000001,United Kingdom,overview,2021-04-21,11192601,57.8,1893
K02000001,United Kingdom,overview,2021-04-20,10775817,57.6,1926
K02000001,United Kingdom,overview,2021-04-19,10425790,57.4,2007
K02000001,United Kingdom,overview,2021-04-18,10152039,57.3,1983
K02000001,United Kingdom,overview,2021-04-17,9930846,57.1,2035
K02000001,United Kingdom,overview,2021-04-16,9431211,56.9,2140
K02000001,United Kingdom,overview,2021-04-15,8931547,56.6,2195
K02000001,United Kingdom,overview,2021-04-14,8513864,56.4,2295
K02000001,United Kingdom,overview,2021-04-13,8170081,56.2,2409
K02000001,United Kingdom,overview,2021-04-12,7857396,56.1,2493
K02000001,United Kingdom,overview,2021-04-11,7656205,56.0,2550
K02000001,United Kingdom,overview,2021-04-10,7466540,55.9,2651
K02000001,United Kingdom,overview,2021-04-09,6991310,55.7,2793
K02000001,United Kingdom,overview,2021-04-08,6541174,55.5,2872
K02000001,United Kingdom,overview,2021-04-07,6091905,55.3,3019
K02000001,United Kingdom,overview,2021-04-06,5683509,55.1,3143
K02000001,United Kingdom,overview,2021-04-05,5496716,55.0,3255
K02000001,United Kingdom,overview,2021-04-04,5432126,54.9,3229
K02000001,United Kingdom,overview,2021-04-03,5384418,54.8,3244
K02000001,United Kingdom,overview,2021-04-02,5205505,54.6,3376
K02000001,United Kingdom,overview,2021-04-01,4958874,54.5,3557
K02000001,United Kingdom,overview,2021-03-31,4513458,54.2,3742
K02000001,United Kingdom,overview,2021-03-30,4125884,53.7,3976
K02000001,United Kingdom,overview,2021-03-29,3848202,53.4,4197
K02000001,United Kingdom,overview,2021-03-28,3679972,52.9,4185
K02000001,United Kingdom,overview,2021-03-27,3532378,52.4,4436
K02000001,United Kingdom,overview,2021-03-26,3293517,51.7,4485
K02000001,United Kingdom,overview,2021-03-25,3009863,51.0,4583
K02000001,United Kingdom,overview,2021-03-24,2775481,50.4,4880
K02000001,United Kingdom,overview,2021-03-23,2532839,49.8,5150
K02000001,United Kingdom,overview,2021-03-22,2363684,49.3,5431
K02000001,United Kingdom,overview,2021-03-21,2281384,48.7,5448
K02000001,United Kingdom,overview,2021-03-20,2228772,48.0,5567
K02000001,United Kingdom,overview,2021-03-19,2136795,46.7,5880
K02000001,United Kingdom,overview,2021-03-18,2011070,45.7,6150
K02000001,United Kingdom,overview,2021-03-17,1879054,44.8,6585
K02000001,United Kingdom,overview,2021-03-16,1759445,43.9,6847
K02000001,United Kingdom,overview,2021-03-15,1663646,43.2,7208
K02000001,United Kingdom,overview,2021-03-14,1610280,42.5,7316
K02000001,United Kingdom,overview,2021-03-13,1584909,42.1,7384
K02000001,United Kingdom,overview,2021-03-12,1532754,41.2,7728
K02000001,United Kingdom,overview,2021-03-11,1445078,40.5,8066
K02000001,United Kingdom,overview,2021-03-10,1351515,40.1,8436
K02000001,United Kingdom,overview,2021-03-09,1254353,39.7,9009
K02000001,United Kingdom,overview,2021-03-08,1181431,39.3,9474
K02000001,United Kingdom,overview,2021-03-07,1142643,38.9,9459
K02000001,United Kingdom,overview,2021-03-06,1122402,38.6,9711
K02000001,United Kingdom,overview,2021-03-05,1090840,37.9,10312
K02000001,United Kingdom,overview,2021-03-04,1034068,37.1,10933
K02000001,United Kingdom,overview,2021-03-03,963862,36.5,11523
K02000001,United Kingdom,overview,2021-03-02,895412,36.0,12139
K02000001,United Kingdom,overview,2021-03-01,844098,35.6,12894
K02000001,United Kingdom,overview,2021-02-28,815816,35.3,12788
K02000001,United Kingdom,overview,2021-02-27,796132,34.9,13269
K02000001,United Kingdom,overview,2021-02-26,768810,34.2,14077
K02000001,United Kingdom,overview,2021-02-25,736037,33.3,14849
K02000001,United Kingdom,overview,2021-02-24,700718,32.5,15534
K02000001,United Kingdom,overview,2021-02-23,669105,31.7,16115
K02000001,United Kingdom,overview,2021-02-22,642788,31.2,16855
K02000001,United Kingdom,overview,2021-02-21,624325,30.8,16857
K02000001,United Kingdom,overview,2021-02-20,615148,30.6,17042
K02000001,United Kingdom,overview,2021-02-19,604885,30.0,17860
K02000001,United Kingdom,overview,2021-02-18,589591,29.3,18522
K02000001,United Kingdom,overview,2021-02-17,573724,28.6,19449
K02000001,United Kingdom,overview,2021-02-16,558577,27.7,20215
K02000001,United Kingdom,overview,2021-02-15,546165,27.1,20994
K02000001,United Kingdom,overview,2021-02-14,539630,26.6,21054
K02000001,United Kingdom,overview,2021-02-13,537715,26.2,20970
K02000001,United Kingdom,overview,2021-02-12,534869,25.3,22324
K02000001,United Kingdom,overview,2021-02-11,530094,24.4,23411
K02000001,United Kingdom,overview,2021-02-10,524447,23.5,24417
K02000001,United Kingdom,overview,2021-02-09,519553,22.7,25689
K02000001,United Kingdom,overview,2021-02-08,516392,22.0,26744
K02000001,United Kingdom,overview,2021-02-07,512581,21.4,26800
K02000001,United Kingdom,overview,2021-02-06,511719,20.9,26914
K02000001,United Kingdom,overview,2021-02-05,510057,19.9,28383
K02000001,United Kingdom,overview,2021-02-04,505993,19.1,29413
K02000001,United Kingdom,overview,2021-02-03,501957,18.2,30604
K02000001,United Kingdom,overview,2021-02-02,498962,17.4,31766
K02000001,United Kingdom,overview,2021-02-01,496796,16.8,32960
K02000001,United Kingdom,overview,2021-01-31,494209,16.2,32586
K02000001,United Kingdom,overview,2021-01-30,491053,15.6,33015
K02000001,United Kingdom,overview,2021-01-29,480432,14.6,33847
K02000001,United Kingdom,overview,2021-01-28,478254,13.7,34909
K02000001,United Kingdom,overview,2021-01-27,476485,13.0,35513
K02000001,United Kingdom,overview,2021-01-26,474156,12.5,37101
K02000001,United Kingdom,overview,2021-01-25,472446,11.9,37756
K02000001,United Kingdom,overview,2021-01-24,470478,11.4,37730
K02000001,United Kingdom,overview,2021-01-23,469660,11.0,37398
K02000001,United Kingdom,overview,2021-01-22,468617,10.2,38258
K02000001,United Kingdom,overview,2021-01-21,466796,9.4,38059
K02000001,United Kingdom,overview,2021-01-20,464036,8.6,38739
K02000001,United Kingdom,overview,2021-01-19,460625,8.0,38846
K02000001,United Kingdom,overview,2021-01-18,456866,7.4,39254
K02000001,United Kingdom,overview,2021-01-17,452301,7.1,38169
K02000001,United Kingdom,overview,2021-01-16,450062,6.7,37715
K02000001,United Kingdom,overview,2021-01-15,447442,6.2,38133
K02000001,United Kingdom,overview,2021-01-14,443234,5.6,37692
K02000001,United Kingdom,overview,2021-01-13,437977,5.1,37487
K02000001,United Kingdom,overview,2021-01-12,428232,4.6,36981
K02000001,United Kingdom,overview,2021-01-11,412167,4.2,36751
K02000001,United Kingdom,overview,2021-01-10,391399,4.0,35391
K02000001,United Kingdom,overview,2021-01-09,,,34032
K02000001,United Kingdom,overview,2021-01-08,,,33778
K02000001,United Kingdom,overview,2021-01-07,,,32583
K02000001,United Kingdom,overview,2021-01-06,,,31946
K02000001,United Kingdom,overview,2021-01-05,,,30686
K02000001,United Kingdom,overview,2021-01-04,,,30775
K02000001,United Kingdom,overview,2021-01-03,,,29033
K02000001,United Kingdom,overview,2021-01-02,,,27561
K02000001,United Kingdom,overview,2021-01-01,,,26389
K02000001,United Kingdom,overview,2020-12-31,,,26577
K02000001,United Kingdom,overview,2020-12-30,,,26551
K02000001,United Kingdom,overview,2020-12-29,,,25549
K02000001,United Kingdom,overview,2020-12-28,,,24049
K02000001,United Kingdom,overview,2020-12-27,,,22764
K02000001,United Kingdom,overview,2020-12-26,,,21730
K02000001,United Kingdom,overview,2020-12-25,,,20918
K02000001,United Kingdom,overview,2020-12-24,,,21577
K02000001,United Kingdom,overview,2020-12-23,,,21222
K02000001,United Kingdom,overview,2020-12-22,,,21488
K02000001,United Kingdom,overview,2020-12-21,,,21133
K02000001,United Kingdom,overview,2020-12-20,,,20004
K02000001,United Kingdom,overview,2020-12-19,,,19463
K02000001,United Kingdom,overview,2020-12-18,,,19117
K02000001,United Kingdom,overview,2020-12-17,,,18970
K02000001,United Kingdom,overview,2020-12-16,,,18671
K02000001,United Kingdom,overview,2020-12-15,,,18216
K02000001,United Kingdom,overview,2020-12-14,,,18246
K02000001,United Kingdom,overview,2020-12-13,,,17538
K02000001,United Kingdom,overview,2020-12-12,,,16909
K02000001,United Kingdom,overview,2020-12-11,,,16885
K02000001,United Kingdom,overview,2020-12-10,,,16723
K02000001,United Kingdom,overview,2020-12-09,,,16331
K02000001,United Kingdom,overview,2020-12-08,,,16477
K02000001,United Kingdom,overview,2020-12-07,,,16415
K02000001,United Kingdom,overview,2020-12-06,,,15960
K02000001,United Kingdom,overview,2020-12-05,,,15688
K02000001,United Kingdom,overview,2020-12-04,,,15727
K02000001,United Kingdom,overview,2020-12-03,,,15658
K02000001,United Kingdom,overview,2020-12-02,,,15977
K02000001,United Kingdom,overview,2020-12-01,,,16312
K02000001,United Kingdom,overview,2020-11-30,,,16565
K02000001,United Kingdom,overview,2020-11-29,,,16313
K02000001,United Kingdom,overview,2020-11-28,,,15985
K02000001,United Kingdom,overview,2020-11-27,,,16571
K02000001,United Kingdom,overview,2020-11-26,,,16762
K02000001,United Kingdom,overview,2020-11-25,,,17132
K02000001,United Kingdom,overview,2020-11-24,,,17424
K02000001,United Kingdom,overview,2020-11-23,,,17680
K02000001,United Kingdom,overview,2020-11-22,,,17264
K02000001,United Kingdom,overview,2020-11-21,,,17063
K02000001,United Kingdom,overview,2020-11-20,,,17184
K02000001,United Kingdom,overview,2020-11-19,,,17459
K02000001,United Kingdom,overview,2020-11-18,,,17486
K02000001,United Kingdom,overview,2020-11-17,,,17439
K02000001,United Kingdom,overview,2020-11-16,,,17313
K02000001,United Kingdom,overview,2020-11-15,,,16864
K02000001,United Kingdom,overview,2020-11-14,,,16299
K02000001,United Kingdom,overview,2020-11-13,,,16236
K02000001,United Kingdom,overview,2020-11-12,,,15879
K02000001,United Kingdom,overview,2020-11-11,,,15666
K02000001,United Kingdom,overview,2020-11-10,,,14964
K02000001,United Kingdom,overview,2020-11-09,,,15141
K02000001,United Kingdom,overview,2020-11-08,,,14546
K02000001,United Kingdom,overview,2020-11-07,,,14314
K02000001,United Kingdom,overview,2020-11-06,,,13958
K02000001,United Kingdom,overview,2020-11-05,,,13796
K02000001,United Kingdom,overview,2020-11-04,,,13817
K02000001,United Kingdom,overview,2020-11-03,,,13749
K02000001,United Kingdom,overview,2020-11-02,,,13105
K02000001,United Kingdom,overview,2020-11-01,,,12230
K02000001,United Kingdom,overview,2020-10-31,,,12310
K02000001,United Kingdom,overview,2020-10-30,,,11788
K02000001,United Kingdom,overview,2020-10-29,,,11583
K02000001,United Kingdom,overview,2020-10-28,,,11434
K02000001,United Kingdom,overview,2020-10-27,,,10938
K02000001,United Kingdom,overview,2020-10-26,,,10108
K02000001,United Kingdom,overview,2020-10-25,,,9786
K02000001,United Kingdom,overview,2020-10-24,,,9262
K02000001,United Kingdom,overview,2020-10-23,,,8886
K02000001,United Kingdom,overview,2020-10-22,,,8311
K02000001,United Kingdom,overview,2020-10-21,,,8132
K02000001,United Kingdom,overview,2020-10-20,,,7852
K02000001,United Kingdom,overview,2020-10-19,,,7334
K02000001,United Kingdom,overview,2020-10-18,,,6829
K02000001,United Kingdom,overview,2020-10-17,,,6545
K02000001,United Kingdom,overview,2020-10-16,,,6296
K02000001,United Kingdom,overview,2020-10-15,,,5933
K02000001,United Kingdom,overview,2020-10-14,,,5598
K02000001,United Kingdom,overview,2020-10-13,,,5293
K02000001,United Kingdom,overview,2020-10-12,,,4959
K02000001,United Kingdom,overview,2020-10-11,,,4670
K02000001,United Kingdom,overview,2020-10-10,,,4358
K02000001,United Kingdom,overview,2020-10-09,,,4170
K02000001,United Kingdom,overview,2020-10-08,,,4085
K02000001,United Kingdom,overview,2020-10-07,,,3893
K02000001,United Kingdom,overview,2020-10-06,,,3642
K02000001,United Kingdom,overview,2020-10-05,,,3370
K02000001,United Kingdom,overview,2020-10-04,,,3056
K02000001,United Kingdom,overview,2020-10-03,,,2867
K02000001,United Kingdom,overview,2020-10-02,,,2723
K02000001,United Kingdom,overview,2020-10-01,,,2592
K02000001,United Kingdom,overview,2020-09-30,,,2530
K02000001,United Kingdom,overview,2020-09-29,,,2420
K02000001,United Kingdom,overview,2020-09-28,,,2399
K02000001,United Kingdom,overview,2020-09-27,,,2188
K02000001,United Kingdom,overview,2020-09-26,,,2033
K02000001,United Kingdom,overview,2020-09-25,,,2020
K02000001,United Kingdom,overview,2020-09-24,,,1846
K02000001,United Kingdom,overview,2020-09-23,,,1730
K02000001,United Kingdom,overview,2020-09-22,,,1636
K02000001,United Kingdom,overview,2020-09-21,,,1558
K02000001,United Kingdom,overview,2020-09-20,,,1398
K02000001,United Kingdom,overview,2020-09-19,,,1300
K02000001,United Kingdom,overview,2020-09-18,,,1221
K02000001,United Kingdom,overview,2020-09-17,,,1162
K02000001,United Kingdom,overview,2020-09-16,,,1106
K02000001,United Kingdom,overview,2020-09-15,,,1066
K02000001,United Kingdom,overview,2020-09-14,,,982
K02000001,United Kingdom,overview,2020-09-13,,,843
K02000001,United Kingdom,overview,2020-09-12,,,812
K02000001,United Kingdom,overview,2020-09-11,,,770
K02000001,United Kingdom,overview,2020-09-10,,,944
K02000001,United Kingdom,overview,2020-09-09,,,924
K02000001,United Kingdom,overview,2020-09-08,,,894
K02000001,United Kingdom,overview,2020-09-07,,,902
K02000001,United Kingdom,overview,2020-09-06,,,817
K02000001,United Kingdom,overview,2020-09-05,,,812
K02000001,United Kingdom,overview,2020-09-04,,,818
K02000001,United Kingdom,overview,2020-09-03,,,817
K02000001,United Kingdom,overview,2020-09-02,,,803
K02000001,United Kingdom,overview,2020-09-01,,,861
K02000001,United Kingdom,overview,2020-08-31,,,854
K02000001,United Kingdom,overview,2020-08-30,,,831
K02000001,United Kingdom,overview,2020-08-29,,,833
K02000001,United Kingdom,overview,2020-08-28,,,818
K02000001,United Kingdom,overview,2020-08-27,,,840
K02000001,United Kingdom,overview,2020-08-26,,,829
K02000001,United Kingdom,overview,2020-08-25,,,844
K02000001,United Kingdom,overview,2020-08-24,,,876
K02000001,United Kingdom,overview,2020-08-23,,,870
K02000001,United Kingdom,overview,2020-08-22,,,943
K02000001,United Kingdom,overview,2020-08-21,,,888
K02000001,United Kingdom,overview,2020-08-20,,,909
K02000001,United Kingdom,overview,2020-08-19,,,924
K02000001,United Kingdom,overview,2020-08-18,,,953
K02000001,United Kingdom,overview,2020-08-17,,,982
K02000001,United Kingdom,overview,2020-08-16,,,979
K02000001,United Kingdom,overview,2020-08-15,,,974
K02000001,United Kingdom,overview,2020-08-14,,,995
K02000001,United Kingdom,overview,2020-08-13,,,1008
K02000001,United Kingdom,overview,2020-08-12,,,1004
K02000001,United Kingdom,overview,2020-08-11,,,1039
K02000001,United Kingdom,overview,2020-08-10,,,1087
K02000001,United Kingdom,overview,2020-08-09,,,983
K02000001,United Kingdom,overview,2020-08-08,,,1027
K02000001,United Kingdom,overview,2020-08-07,,,1094
K02000001,United Kingdom,overview,2020-08-06,,,1155
K02000001,United Kingdom,overview,2020-08-05,,,1200
K02000001,United Kingdom,overview,2020-08-04,,,1216
K02000001,United Kingdom,overview,2020-08-03,,,1251
K02000001,United Kingdom,overview,2020-08-02,,,1254
K02000001,United Kingdom,overview,2020-08-01,,,1290
K02000001,United Kingdom,overview,2020-07-31,,,1266
K02000001,United Kingdom,overview,2020-07-30,,,1314
K02000001,United Kingdom,overview,2020-07-29,,,1350
K02000001,United Kingdom,overview,2020-07-28,,,1369
K02000001,United Kingdom,overview,2020-07-27,,,1370
K02000001,United Kingdom,overview,2020-07-26,,,1383
K02000001,United Kingdom,overview,2020-07-25,,,1401
K02000001,United Kingdom,overview,2020-07-24,,,1453
K02000001,United Kingdom,overview,2020-07-23,,,1538
K02000001,United Kingdom,overview,2020-07-22,,,1747
K02000001,United Kingdom,overview,2020-07-21,,,1634
K02000001,United Kingdom,overview,2020-07-20,,,1734
K02000001,United Kingdom,overview,2020-07-19,,,1742
K02000001,United Kingdom,overview,2020-07-18,,,1776
K02000001,United Kingdom,overview,2020-07-17,,,1804
K02000001,United Kingdom,overview,2020-07-16,,,1829
K02000001,United Kingdom,overview,2020-07-15,,,1974
K02000001,United Kingdom,overview,2020-07-14,,,1993
K02000001,United Kingdom,overview,2020-07-13,,,2113
K02000001,United Kingdom,overview,2020-07-12,,,2101
K02000001,United Kingdom,overview,2020-07-11,,,2119
K02000001,United Kingdom,overview,2020-07-10,,,2244
K02000001,United Kingdom,overview,2020-07-09,,,2345
K02000001,United Kingdom,overview,2020-07-08,,,2454
K02000001,United Kingdom,overview,2020-07-07,,,2598
K02000001,United Kingdom,overview,2020-07-06,,,2699
K02000001,United Kingdom,overview,2020-07-05,,,2741
K02000001,United Kingdom,overview,2020-07-04,,,2802
K02000001,United Kingdom,overview,2020-07-03,,,2942
K02000001,United Kingdom,overview,2020-07-02,,,3079
K02000001,United Kingdom,overview,2020-07-01,,,3198
K02000001,United Kingdom,overview,2020-06-30,,,3383
K02000001,United Kingdom,overview,2020-06-29,,,3748
K02000001,United Kingdom,overview,2020-06-28,,,3557
K02000001,United Kingdom,overview,2020-06-27,,,3544
K02000001,United Kingdom,overview,2020-06-26,,,3620
K02000001,United Kingdom,overview,2020-06-25,,,3850
K02000001,United Kingdom,overview,2020-06-24,,,4030
K02000001,United Kingdom,overview,2020-06-23,,,4134
K02000001,United Kingdom,overview,2020-06-22,,,4281
K02000001,United Kingdom,overview,2020-06-21,,,4222
K02000001,United Kingdom,overview,2020-06-20,,,4252
K02000001,United Kingdom,overview,2020-06-19,,,4414
K02000001,United Kingdom,overview,2020-06-18,,,4560
K02000001,United Kingdom,overview,2020-06-17,,,4719
K02000001,United Kingdom,overview,2020-06-16,,,4863
K02000001,United Kingdom,overview,2020-06-15,,,4870
K02000001,United Kingdom,overview,2020-06-14,,,4908
K02000001,United Kingdom,overview,2020-06-13,,,4941
K02000001,United Kingdom,overview,2020-06-12,,,5090
K02000001,United Kingdom,overview,2020-06-11,,,5179
K02000001,United Kingdom,overview,2020-06-10,,,5475
K02000001,United Kingdom,overview,2020-06-09,,,5736
K02000001,United Kingdom,overview,2020-06-08,,,5931
K02000001,United Kingdom,overview,2020-06-07,,,5944
K02000001,United Kingdom,overview,2020-06-06,,,6149
K02000001,United Kingdom,overview,2020-06-05,,,6379
K02000001,United Kingdom,overview,2020-06-04,,,6580
K02000001,United Kingdom,overview,2020-06-03,,,6815
K02000001,United Kingdom,overview,2020-06-02,,,7087
K02000001,United Kingdom,overview,2020-06-01,,,7248
K02000001,United Kingdom,overview,2020-05-31,,,7238
K02000001,United Kingdom,overview,2020-05-30,,,7268
K02000001,United Kingdom,overview,2020-05-29,,,7586
K02000001,United Kingdom,overview,2020-05-28,,,7907
K02000001,United Kingdom,overview,2020-05-27,,,8220
K02000001,United Kingdom,overview,2020-05-26,,,8732
K02000001,United Kingdom,overview,2020-05-25,,,8836
K02000001,United Kingdom,overview,2020-05-24,,,8814
K02000001,United Kingdom,overview,2020-05-23,,,8814
K02000001,United Kingdom,overview,2020-05-22,,,9184
K02000001,United Kingdom,overview,2020-05-21,,,9293
K02000001,United Kingdom,overview,2020-05-20,,,9563
K02000001,United Kingdom,overview,2020-05-19,,,10013
K02000001,United Kingdom,overview,2020-05-18,,,10231
K02000001,United Kingdom,overview,2020-05-17,,,10199
K02000001,United Kingdom,overview,2020-05-16,,,10238
K02000001,United Kingdom,overview,2020-05-15,,,10691
K02000001,United Kingdom,overview,2020-05-14,,,10921
K02000001,United Kingdom,overview,2020-05-13,,,11342
K02000001,United Kingdom,overview,2020-05-12,,,11591
K02000001,United Kingdom,overview,2020-05-11,,,11967
K02000001,United Kingdom,overview,2020-05-10,,,11727
K02000001,United Kingdom,overview,2020-05-09,,,12015
K02000001,United Kingdom,overview,2020-05-08,,,12053
K02000001,United Kingdom,overview,2020-05-07,,,12626
K02000001,United Kingdom,overview,2020-05-06,,,13148
K02000001,United Kingdom,overview,2020-05-05,,,13723
K02000001,United Kingdom,overview,2020-05-04,,,14097
K02000001,United Kingdom,overview,2020-05-03,,,14188
K02000001,United Kingdom,overview,2020-05-02,,,14380
K02000001,United Kingdom,overview,2020-05-01,,,14723
K02000001,United Kingdom,overview,2020-04-30,,,15164
K02000001,United Kingdom,overview,2020-04-29,,,15521
K02000001,United Kingdom,overview,2020-04-28,,,15877
K02000001,United Kingdom,overview,2020-04-27,,,16662
K02000001,United Kingdom,overview,2020-04-26,,,16555
K02000001,United Kingdom,overview,2020-04-25,,,16604
K02000001,United Kingdom,overview,2020-04-24,,,17063
K02000001,United Kingdom,overview,2020-04-23,,,17867
K02000001,United Kingdom,overview,2020-04-22,,,18533
K02000001,United Kingdom,overview,2020-04-21,,,19139
K02000001,United Kingdom,overview,2020-04-20,,,19331
K02000001,United Kingdom,overview,2020-04-19,,,19574
K02000001,United Kingdom,overview,2020-04-18,,,19456
K02000001,United Kingdom,overview,2020-04-17,,,19330
K02000001,United Kingdom,overview,2020-04-16,,,20389
K02000001,United Kingdom,overview,2020-04-15,,,20582
K02000001,United Kingdom,overview,2020-04-14,,,21281
K02000001,United Kingdom,overview,2020-04-13,,,21308
K02000001,United Kingdom,overview,2020-04-12,,,21687
K02000001,United Kingdom,overview,2020-04-11,,,21254
K02000001,United Kingdom,overview,2020-04-10,,,21280
K02000001,United Kingdom,overview,2020-04-09,,,21005
K02000001,United Kingdom,overview,2020-04-08,,,20740
K02000001,United Kingdom,overview,2020-04-07,,,20234
K02000001,United Kingdom,overview,2020-04-06,,,19493
K02000001,United Kingdom,overview,2020-04-05,,,18855
K02000001,United Kingdom,overview,2020-04-04,,,17502
K02000001,United Kingdom,overview,2020-04-03,,,15546
K02000001,United Kingdom,overview,2020-04-02,,,13875
K02000001,United Kingdom,overview,2020-04-01,,,13637
K02000001,United Kingdom,overview,2020-03-31,,,12597
K02000001,United Kingdom,overview,2020-03-30,,,11093
K02000001,United Kingdom,overview,2020-03-29,,,9525
K02000001,United Kingdom,overview,2020-03-28,,,8278
K02000001,United Kingdom,overview,2020-03-27,,,7267
